{
    "LR": {
        "Accuracy": [
            0.8674640062219279
        ],
        "Precision": [
            0.8419591767016825
        ],
        "Recall": [
            0.8521037892407689
        ]
    },
    "KNN": {
        "Accuracy": [
            0.8894119310675891
        ],
        "Precision": [
            0.8563766289750306
        ],
        "Recall": [
            0.8928830728806527
        ]
    },
    "FastText": {
        "Accuracy": [
            0.9499864174422369,
            0.9501538736338365,
            0.9502096923643698,
            0.9502096923643698,
            0.9503138873280318,
            0.9502171348617742,
            0.9498710587324682,
            0.9500720061623878,
            0.9501910861208587,
            0.9501538736338365
        ],
        "Precision": [
            0.9489480524042008,
            0.9482678538564681,
            0.9479606311623264,
            0.9484318297365053,
            0.947652040030793,
            0.947687137931638,
            0.9488316546509892,
            0.9477633502902523,
            0.9472846662994343,
            0.9481421775203918
        ],
        "Recall": [
            0.9340858802378648,
            0.9352440879546398,
            0.9357194717189877,
            0.9352008712487899,
            0.9363158622597151,
            0.9360392753422763,
            0.9339303000968054,
            0.9355984649426082,
            0.9364195823537547,
            0.9353823814133592
        ]
    },
    "MLP": {
        "Accuracy": [
            0.8978480018755094,
            0.8977289219170385,
            0.897963360585278,
            0.8978740506164249,
            0.8977475281605496,
            0.8977735769014651,
            0.8979261480982559,
            0.8978107893884872,
            0.8978107893884872,
            0.8983131579632861
        ],
        "Precision": [
            0.8660190631040176,
            0.8649478309076015,
            0.8660474373859678,
            0.8651544992635011,
            0.8655583365102518,
            0.8654389409415878,
            0.8666627895384001,
            0.8638946856157773,
            0.8658501189992454,
            0.8664068330707355
        ],
        "Recall": [
            0.9023302447794219,
            0.9035316692020467,
            0.9026068316968607,
            0.9036353892960863,
            0.9027105517909003,
            0.9029525653436592,
            0.901630134144655,
            0.9052689807772092,
            0.9024685382381413,
            0.9030562854376988
        ]
    },
    "GAT": {
        "Accuracy": [
            0.9564885467755571,
            0.9563879982273663,
            0.9564959948161638,
            0.9564550305928268,
            0.9562651055573554,
            0.9563991702882764,
            0.9565369590395006,
            0.9566151634658712,
            0.9559150476488398,
            0.9563246898822092
        ],
        "Precision": [
            0.9355878969070434,
            0.9342164760261928,
            0.9356182445767651,
            0.9354952473717798,
            0.9337768294213631,
            0.9346767366029891,
            0.935748605604462,
            0.936963643560354,
            0.9343066305523643,
            0.9349137244046271
        ],
        "Recall": [
            0.9652229663579418,
            0.9666005319655868,
            0.9652056384886633,
            0.9652489581618596,
            0.9668171303315688,
            0.9660806958872302,
            0.9651536548808276,
            0.963914712227411,
            0.9653096057043346,
            0.9656128434167093
        ]
    },
    "GAT_GloVe": {
        "Accuracy": [
            0.9025125964986761,
            0.9021215743668235,
            0.9025870769047433,
            0.8998685420832915,
            0.90210667828561,
            0.9028477583259784,
            0.9039724124575927,
            0.9020731621028798,
            0.9021774346713738,
            0.9027285896762709
        ],
        "Precision": [
            0.8706812763235502,
            0.8702543738681111,
            0.8723418455454796,
            0.8677322079799297,
            0.8721421533425742,
            0.8740756249738285,
            0.873918520928758,
            0.8690812413553202,
            0.8694358574850201,
            0.8727304600435751
        ],
        "Recall": [
            0.9080669895426309,
            0.9075991370721099,
            0.905944325556008,
            0.9049912927456876,
            0.904913317333934,
            0.9042461943667097,
            0.9075211616603565,
            0.9091239895686227,
            0.9089073912026407,
            0.9057883747325011
        ]
    },
    "GCN_GloVe": {
        "Accuracy": [
            0.8693650917784804,
            0.8704227135446343,
            0.8694879844484912,
            0.8701806522249159,
            0.8702476845903764,
            0.8699572110067144,
            0.8695252246515248,
            0.8701285159406689,
            0.870232788509163,
            0.8702960968543201
        ],
        "Precision": [
            0.8364518074307347,
            0.833606421714664,
            0.83622110485497,
            0.834031296386901,
            0.8340339095469055,
            0.8338766538094645,
            0.8359032217625674,
            0.8340729803488922,
            0.8342722965740978,
            0.833305761881917
        ],
        "Recall": [
            0.8652584884899628,
            0.8727441280182983,
            0.8659689311303835,
            0.8713752263452924,
            0.8715658329073566,
            0.8709680214172464,
            0.8665667426204937,
            0.8711586279793105,
            0.8711499640446713,
            0.8728480952339696
        ]
    },
    "Graph_Conv": {
        "Accuracy": [
            0.8965839561757291,
            0.8950906240340822,
            0.8969191180030314,
            0.8967552611096836,
            0.8960179050896185,
            0.896624920399066,
            0.8960514212723488,
            0.8963791350590443,
            0.896043973231742,
            0.8944091283185676
        ],
        "Precision": [
            0.8645835933015548,
            0.8594143914053618,
            0.865834438245816,
            0.8632940338202275,
            0.8649836902567012,
            0.8641355819556368,
            0.8632484309102381,
            0.8660020390085739,
            0.8650707562913024,
            0.8596828964001554
        ],
        "Recall": [
            0.9004340631254277,
            0.9037696779615495,
            0.8995763335961393,
            0.902755997608754,
            0.8983027352041656,
            0.9011878254390449,
            0.900875923792031,
            0.8978522106029232,
            0.8982507515963299,
            0.9014823992167803
        ]
    },
    "Sage_Conv": {
        "Accuracy": [
            0.8965839561757291,
            0.8950906240340822,
            0.8969191180030314,
            0.8967552611096836,
            0.8960179050896185,
            0.896624920399066,
            0.8960514212723488,
            0.8963791350590443,
            0.896043973231742,
            0.8944091283185676
        ],
        "Precision": [
            0.8645835933015548,
            0.8594143914053618,
            0.865834438245816,
            0.8632940338202275,
            0.8649836902567012,
            0.8641355819556368,
            0.8632484309102381,
            0.8660020390085739,
            0.8650707562913024,
            0.8596828964001554
        ],
        "Recall": [
            0.9004340631254277,
            0.9037696779615495,
            0.8995763335961393,
            0.902755997608754,
            0.8983027352041656,
            0.9011878254390449,
            0.900875923792031,
            0.8978522106029232,
            0.8982507515963299,
            0.9014823992167803
        ]
    }
}