{
    "LR": {
        "Accuracy": [
            0.722695320046963,
            0.722695320046963,
            0.722695320046963,
            0.722695320046963,
            0.722695320046963,
            0.722695320046963,
            0.722695320046963,
            0.722695320046963,
            0.722695320046963,
            0.722695320046963
        ],
        "Precision": [
            0.7408314087759815,
            0.7408314087759815,
            0.7408314087759815,
            0.7408314087759815,
            0.7408314087759815,
            0.7408314087759815,
            0.7408314087759815,
            0.7408314087759815,
            0.7408314087759815,
            0.7408314087759815
        ],
        "Recall": [
            0.7013935453776858,
            0.7013935453776858,
            0.7013935453776858,
            0.7013935453776858,
            0.7013935453776858,
            0.7013935453776858,
            0.7013935453776858,
            0.7013935453776858,
            0.7013935453776858,
            0.7013935453776858
        ]
    },
    "KNN": {
        "Accuracy": [
            0.6919390075348879,
            0.6919390075348879,
            0.6919390075348879,
            0.6919390075348879,
            0.6919390075348879,
            0.6919390075348879,
            0.6919390075348879,
            0.6919390075348879,
            0.6919390075348879,
            0.6919390075348879
        ],
        "Precision": [
            0.7329443061872479,
            0.7329443061872479,
            0.7329443061872479,
            0.7329443061872479,
            0.7329443061872479,
            0.7329443061872479,
            0.7329443061872479,
            0.7329443061872479,
            0.7329443061872479,
            0.7329443061872479
        ],
        "Recall": [
            0.6225037170927962,
            0.6225037170927962,
            0.6225037170927962,
            0.6225037170927962,
            0.6225037170927962,
            0.6225037170927962,
            0.6225037170927962,
            0.6225037170927962,
            0.6225037170927962,
            0.6225037170927962
        ]
    },
    "FastText": {
        "Accuracy": [
            0.7972342354392379,
            0.7974571611158173,
            0.7978509964777744,
            0.7970856183215183,
            0.7974348685481594,
            0.7978807199013183,
            0.7973977142687295,
            0.7977692570630285,
            0.7975240388187912,
            0.7969741554832286
        ],
        "Precision": [
            0.8124102052235984,
            0.8096957348953574,
            0.809189496011711,
            0.8109797424504858,
            0.8102635686839578,
            0.8090254971039589,
            0.8083516090050575,
            0.8095651263332685,
            0.8054751211440728,
            0.8098447773741255
        ],
        "Recall": [
            0.7830529722165535,
            0.7878487507652838,
            0.7896562782426169,
            0.7848896533628757,
            0.7869012565231335,
            0.7899915454359931,
            0.7898166234220577,
            0.7888545523454127,
            0.7947435934812396,
            0.7863764904813271
        ]
    },
    "MLP": {
        "Accuracy": [
            0.7405962518762911,
            0.7400315068289566,
            0.7397639960170612,
            0.7400389376848425,
            0.7402990176408518,
            0.7404327730467996,
            0.740239570793764,
            0.7402841559290799,
            0.7404253421909136,
            0.7404996507497733
        ],
        "Precision": [
            0.7549371226222363,
            0.7539777277466342,
            0.7536980795672604,
            0.7523116181326929,
            0.7550049253618246,
            0.7540019009972692,
            0.7546587141797484,
            0.7537974206199562,
            0.75522270398108,
            0.7540123084348981
        ],
        "Recall": [
            0.7271945424331652,
            0.7273694644471007,
            0.7271216582606921,
            0.7305763680359173,
            0.726203317687531,
            0.7284918807031865,
            0.7266843532258535,
            0.7284481501997027,
            0.7261595871840472,
            0.7286668027171219
        ]
    },
    "GAT": {
        "Accuracy": [
            0.8026216059565741,
            0.8027776539301796,
            0.8027033453713198,
            0.8027999464978376,
            0.802651329380118,
            0.8028222390654955,
            0.8025844516771442,
            0.8026216059565741,
            0.8025993133889161,
            0.8025844516771442
        ],
        "Precision": [
            0.8161754709285639,
            0.8156236811961174,
            0.8159197223479704,
            0.8153943464706856,
            0.8163108028469106,
            0.8154311876863761,
            0.8160851835070231,
            0.8168071805894017,
            0.8165114028189462,
            0.816592036790512
        ],
        "Recall": [
            0.789646756207708,
            0.7908890285430338,
            0.7902459699223945,
            0.7912982476652588,
            0.7895152214898499,
            0.7912982476652588,
            0.7896906011136606,
            0.7886821682767491,
            0.7890767724303231,
            0.7889160077751634
        ]
    },
    "GAT_GloVe": {
        "Accuracy": [
            0.7665893857654524,
            0.764033171340675,
            0.7646127780997816,
            0.7637359371052358,
            0.7644492992702899,
            0.7668420348655758,
            0.7655193425178712,
            0.7635055805727704,
            0.7631860537696732,
            0.7619822551161443
        ],
        "Precision": [
            0.7776927463161369,
            0.7756495068559057,
            0.7763355793526652,
            0.7728058154084491,
            0.7767945973650094,
            0.7739197302652983,
            0.7773197737393188,
            0.7787578264247521,
            0.7761042963321046,
            0.7742922608459706
        ],
        "Recall": [
            0.7574499802697923,
            0.7539862326995309,
            0.754380836853105,
            0.7582245736082897,
            0.7531239495491282,
            0.7648597693757947,
            0.7551554301916023,
            0.7471171974336115,
            0.750844014439589,
            0.7506978647530801
        ]
    },
    "GCN_GloVe": {
        "Accuracy": [
            0.7291898880913104,
            0.7297694948504169,
            0.729331074353144,
            0.7294796914708637,
            0.7290635635412487,
            0.7293979520561178,
            0.7294871223267496,
            0.7291527338118805,
            0.7293905212002318,
            0.7294351063355478
        ],
        "Precision": [
            0.7420414465418326,
            0.7489245391436692,
            0.7452104343561291,
            0.7472661559372297,
            0.751756514067866,
            0.7531758712882252,
            0.7471708017476957,
            0.7471706864564007,
            0.7518174665617624,
            0.7503206030465109
        ],
        "Recall": [
            0.7164257632667378,
            0.7047922482206276,
            0.7106090057436827,
            0.7070867982988176,
            0.6974263040205779,
            0.6958040425003288,
            0.7072914078599302,
            0.7062975899916695,
            0.6982739722023297,
            0.7011823509638572
        ]
    },
    "Graph_Conv": {
        "Accuracy": [
            0.7481608631682197,
            0.7492754915511168,
            0.7479527992034123,
            0.7494538320923804,
            0.749981422860285,
            0.7500780239868028,
            0.7498699600219954,
            0.7495207097953542,
            0.7495430023630122,
            0.7499665611485131
        ],