{
    "LR": {
        "Accuracy": [
            0.726536596620362
        ],
        "Precision": [
            0.7219535324798483
        ],
        "Recall": [
            0.5926255881538888
        ]
    },
    "KNN": {
        "Accuracy": [
            0.7171478861446747
        ],
        "Precision": [
            0.72760499275912
        ],
        "Recall": [
            0.5475539717686133
        ]
    },
    "FastText": {
        "Accuracy": [
            0.8166168639548687,
            0.8169182850997481,
            0.81702248006341,
            0.8168624663692149,
            0.816605700208762,
            0.816363819043118,
            0.816620585203571,
            0.8165908152139532,
            0.8170671350478367,
            0.8163749827892247
        ],
        "Precision": [
            0.8189598799861523,
            0.8197398445999943,
            0.820559827864028,
            0.8193755050213551,
            0.8201368712657213,
            0.820717825615611,
            0.8191273392023861,
            0.8215951515151515,
            0.8191886881261827,
            0.8219946164983918
        ],
        "Recall": [
            0.7365935510655964,
            0.7363946166620537,
            0.7355556324384168,
            0.7367405895377802,
            0.7349069332964295,
            0.7333760033213396,
            0.7363686686963742,
            0.7328310960420703,
            0.7376141710489897,
            0.7316374896208138
        ]
    },
    "MLP": {
        "Accuracy": [
            0.7507582044230762,
            0.7505795844853699,
            0.7501776896255308,
            0.7508177444023116,
            0.7506912219464363,
            0.7506912219464363,
            0.750892169376356,
            0.7509591518529958,
            0.750787974412694,
            0.7502446721021706
        ],
        "Precision": [
            0.731508101212802,
            0.7308708377679793,
            0.7316432229951838,
            0.7339494537621173,
            0.7305795314426634,
            0.7317356821474872,
            0.7323740595042585,
            0.7336333800356986,
            0.7311237385735191,
            0.7315610557274359
        ],
        "Recall": [
            0.6646311929144755,
            0.6652279961251037,
            0.6622353307500692,
            0.660107597564351,
            0.6662140188209245,
            0.6639392471630224,
            0.6634289371713258,
            0.6612320094104622,
            0.6654961251037919,
            0.6626418488790479
        ]
    },
    "GAT": {
        "Accuracy": [
            0.8274132265543304,
            0.8278560716292606,
            0.8281798323142935,
            0.8277481514009162,
            0.8275360323314118,
            0.8279416635344992,
            0.8278672357908133,
            0.8279416635344992,
            0.8277407086265476,
            0.8278449074677077
        ],
        "Precision": [
            0.8221129166238882,
            0.8192917967379056,
            0.819513545945447,
            0.8206236836489483,
            0.8224023306192575,
            0.8207101853826821,
            0.822297215411722,
            0.8210853720811476,
            0.820346902261076,
            0.8191570881226053
        ],
        "Recall": [
            0.7632755632582322,
            0.7687001733102253,
            0.7693414211438475,
            0.7664298093587522,
            0.7632235701906412,
            0.7668804159445407,
            0.7643587521663778,
            0.7663344887348353,
            0.7668110918544194,
            0.7688648180242634
        ]
    },
    "GAT_GloVe": {
        "Accuracy": [
            0.7678635888313727,
            0.7676179772772098,
            0.7666504166092952,
            0.7666876304811382,
            0.7677817183133184,
            0.7679194096391371,
            0.7680236084802972,
            0.7669481275840382,
            0.7691176963124774,
            0.7662075715343651
        ],
        "Precision": [
            0.7692870275376599,
            0.7649366113329131,
            0.7636885877560824,
            0.7630646368854505,
            0.765901724881847,
            0.7668021571152608,
            0.7658943317565943,
            0.7697694627613352,
            0.7673085786425666,
            0.7626541174589853
        ],
        "Recall": [
            0.6562738301559792,
            0.6624523396880416,
            0.6612391681109185,
            0.6623916811091854,
            0.6614298093587522,
            0.6604332755632583,
            0.6622530329289428,
            0.6524696707105719,
            0.6636221837088389,
            0.6614471403812825
        ]
    },
    "GCN_GloVe": {
        "Accuracy": [
            0.7328490568144181,
            0.7319670880517422,
            0.7322945701239594,
            0.7324918036447267,
            0.731900103082425,
            0.7321717643468779,
            0.7330909469813968,
            0.7322536348649322,
            0.7327188082629681,
            0.7331616533378983
        ],
        "Precision": [
            0.7308441489699562,
            0.7352146893268114,
            0.7330530740935365,
            0.7308247225817402,
            0.7350558946946122,
            0.731839340621797,
            0.7285055089933139,
            0.7331816425535569,
            0.7309351450465824,
            0.7285929522055746
        ],
        "Recall": [
            0.5982409012131715,
            0.5874263431542461,
            0.5923310225303293,
            0.5969584055459272,
            0.5874523396880416,
            0.593994800693241,
            0.6033275563258232,
            0.5919584055459272,
            0.5975996533795493,
            0.6034315424610052
        ]
    },
    "Graph_Conv": {
        "Accuracy": [
            0.7553746134409063,
            0.755370892053722,
            0.7567366411503552,
            0.7557914088055464,
            0.7558509510004949,
            0.7544442666448345,
            0.757097615707231,
            0.7585787278065772,
            0.7557355879977821,
            0.7570529590610195
        ],
        "Precision": [
            0.7633043865508795,
            0.768338015993084,
            0.7696129678928252,
            0.7667091741054685,
            0.7701003525901817,
            0.7703730453147741,
            0.7630286493860846,
            0.761343181677115,
            0.7691350813430252,
            0.7655461828663473
        ],
        "Recall": [
            0.6238128249566725,
            0.6161351819757366,
            0.6187781629116118,
            0.6199913344887348,
            0.6151126516464471,
            0.6100433275563258,
            0.6300606585788562,
            0.6377469670710572,
            0.6161611785095321,
            0.6259965337954939
        ]
    },
    "Sage_Conv": {
        "Accuracy": [
            0.7553746134409063,
            0.755370892053722,
            0.7567366411503552,
            0.7557914088055464,
            0.7558509510004949,
            0.7544442666448345,
            0.757097615707231,
            0.7585787278065772,
            0.7557355879977821,
            0.7570529590610195
        ],
        "Precision": [
            0.7633043865508795,
            0.768338015993084,
            0.7696129678928252,
            0.7667091741054685,
            0.7701003525901817,
            0.7703730453147741,
            0.7630286493860846,
            0.761343181677115,
            0.7691350813430252,
            0.7655461828663473
        ],
        "Recall": [
            0.6238128249566725,
            0.6161351819757366,
            0.6187781629116118,
            0.6199913344887348,
            0.6151126516464471,
            0.6100433275563258,
            0.6300606585788562,
            0.6377469670710572,
            0.6161611785095321,
            0.6259965337954939
        ]
    }
}