{
    "LR": {
        "Accuracy": [
            0.7358136696349827
        ],
        "Precision": [
            0.729106628242075
        ],
        "Recall": [
            0.6146032349813699
        ]
    },
    "KNN": {
        "Accuracy": [
            0.7260751617812873
        ],
        "Precision": [
            0.7243593846679042
        ],
        "Recall": [
            0.5869995591019512
        ]
    },
    "FastText": {
        "Accuracy": [
            0.845557015111991,
            0.8457207500548884,
            0.846371968577776,
            0.8458361087646571,
            0.8457579625419106,
            0.8465170972771623,
            0.8459663524692346,
            0.8464315085570114,
            0.8457244713035906,
            0.8458361087646571
        ],
        "Precision": [
            0.8436787574370285,
            0.8415278416935112,
            0.8389421981647028,
            0.8427905258783878,
            0.8427916943767088,
            0.8412876008804109,
            0.8422662931288706,
            0.8413856389080064,
            0.8456265193781843,
            0.8413343508923563
        ],
        "Recall": [
            0.7870289523052052,
            0.790435105858757,
            0.7958901385803083,
            0.7890346061743017,
            0.7888098346200064,
            0.7930459139124947,
            0.7901238837066559,
            0.7926655312821488,
            0.7848763324198387,
            0.7910316149836176
        ]
    },
    "MLP": {
        "Accuracy": [
            0.7578918381852214,
            0.7575345983098088,
            0.7577355457397285,
            0.7573038808902716,
            0.7576908907553018,
            0.7573559783721026,
            0.7571885221805029,
            0.7574378458435512,
            0.7572368984136317,
            0.7571587521908851
        ],
        "Precision": [
            0.743270783665308,
            0.7436572707453069,
            0.7419802472916587,
            0.7438522213200325,
            0.7444966728567007,
            0.7441936982271425,
            0.7433988858960621,
            0.7419169365812522,
            0.744237399759811,
            0.7424800638725627
        ],
        "Recall": [
            0.6684187321155326,
            0.6664390134257778,
            0.6702601298487979,
            0.6652632852956178,
            0.6654534766107908,
            0.6648223872468079,
            0.6656868932248666,
            0.6693178183327138,
            0.6643209737795337,
            0.6672775842244949
        ]
    },
    "GAT": {
        "Accuracy": [
            0.8616217624292944,
            0.861822715093778,
            0.8610598392378684,
            0.8617408454897291,
            0.8614394164930038,
            0.8616366478118488,
            0.8616924679964275,
            0.8594671033045549,
            0.8613910389997023,
            0.8618859779696338
        ],
        "Precision": [
            0.8538776839762209,
            0.8507703476647576,
            0.8560326899923383,
            0.8528857341282368,
            0.853780843244809,
            0.8539342111216687,
            0.8530277050807689,
            0.8536549814153488,
            0.8547334404473371,
            0.8518841465607134
        ],
        "Recall": [
            0.8177186232712904,
            0.822527815327025,
            0.8132473744410939,
            0.8193996741880697,
            0.8173373539911961,
            0.8176839624276455,
            0.8190703961734429,
            0.8119649232262314,
            0.8159162594017538,
            0.8211760424248726
        ]
    },
    "GAT_GloVe": {
        "Accuracy": [
            0.7744008633521882,
            0.7733365584995534,
            0.7738389401607622,
            0.7737384638285204,
            0.7732844596606133,
            0.7727597499255731,
            0.773474248288181,
            0.7732174754391188,
            0.7725141411134266,
            0.7738798749627865
        ],
        "Precision": [
            0.7572288534320032,
            0.7576327757869158,
            0.7574652188666441,
            0.7575637506014208,
            0.7623188405797101,
            0.7620057859209257,
            0.7556443144314432,
            0.7569615475347959,
            0.753346901432119,
            0.7501579482296064
        ],
        "Recall": [
            0.6986932861945859,
            0.6943260198953243,
            0.6963450140376417,
            0.6958251013829677,
            0.6859640913659838,
            0.6847249662056775,
            0.6983640081799591,
            0.6951145540882465,
            0.6992305292710824,
            0.7099147343246335
        ]
    },
    "GCN_GloVe": {
        "Accuracy": [
            0.7400751711818994,
            0.7391001786245907,
            0.7397625781482584,
            0.7399412027389104,
            0.7395132479904734,
            0.7397402500744269,
            0.7395467401012206,
            0.7399300387019947,
            0.7398035129502828,
            0.7396844298898482
        ],
        "Precision": [
            0.7341997306217292,
            0.7394002177566833,
            0.7320074694639741,
            0.7343519939045109,
            0.7356256227167054,
            0.7359936053814452,
            0.7360422448831093,
            0.7352254170370217,
            0.7294344343334477,
            0.7352587991718427
        ],
        "Recall": [
            0.6187740459602786,
            0.6061141728189664,
            0.6216075699282521,
            0.6180115074000901,
            0.6141814841773249,
            0.6143547883955496,
            0.6135662542026273,
            0.6164084433815119,
            0.6265207445149215,
            0.6154552701812762
        ]
    },
    "Graph_Conv": {
        "Accuracy": [
            0.76483700506103,
            0.7643457874367371,
            0.7650416790711522,
            0.7632033343256922,
            0.7650937779100923,
            0.7632963679666568,
            0.765391485561179,
            0.7652500744269127,
            0.7645839535576064,
            0.7635568621613575
        ],
        "Precision": [
            0.7496008184417099,
            0.7564533125855599,
            0.7514577680272502,
            0.751530404026663,
            0.7500382614018978,
            0.7479108235136455,
            0.7553747707674899,
            0.7545042415752199,
            0.7548508812230574,
            0.749492520082736
        ],
        "Recall": [
            0.6793525354407126,
            0.6655575196700287,
            0.6767183113236976,
            0.6701934075075388,
            0.6794565179716474,
            0.677030258916502,
            0.6710166025441059,
            0.6720477626425427,
            0.6691449169872795,
            0.6750719212505633
        ]
    },
    "Sage_Conv": {
        "Accuracy": [
            0.76483700506103,
            0.7643457874367371,
            0.7650416790711522,
            0.7632033343256922,
            0.7650937779100923,
            0.7632963679666568,
            0.765391485561179,
            0.7652500744269127,
            0.7645839535576064,
            0.7635568621613575
        ],
        "Precision": [
            0.7496008184417099,
            0.7564533125855599,
            0.7514577680272502,
            0.751530404026663,
            0.7500382614018978,
            0.7479108235136455,
            0.7553747707674899,
            0.7545042415752199,
            0.7548508812230574,
            0.749492520082736
        ],
        "Recall": [
            0.6793525354407126,
            0.6655575196700287,
            0.6767183113236976,
            0.6701934075075388,
            0.6794565179716474,
            0.677030258916502,
            0.6710166025441059,
            0.6720477626425427,
            0.6691449169872795,
            0.6750719212505633
        ]
    }
}